,gpt-4o-mini,gpt-5-nano,meta-llama,H1,H2,LLM-Jury
gpt-4o-mini,0.0,0.6011684529081094,0.9221130069903681,1.171543690983414,0.9772260538042966,0.4622177237747812
gpt-5-nano,0.6011684529081094,0.0,0.7075201730845824,1.0983773252111553,0.9418781783882545,0.311570254343724
meta-llama,0.9221130069903681,0.7075201730845824,0.0,1.3535744318987628,1.1036886585313632,0.5099401791923988
H1,1.171543690983414,1.0983773252111553,1.3535744318987628,0.0,0.7947194142390263,1.1314225378099587
H2,0.9772260538042966,0.9418781783882545,1.1036886585313632,0.7947194142390263,0.0,0.9109470683873508
LLM-Jury,0.4622177237747812,0.311570254343724,0.5099401791923988,1.1314225378099587,0.9109470683873508,0.0
