,gpt-4o-mini,gpt-5-nano,meta-llama,H1,H2,LLM-Jury
gpt-4o-mini,100.0,95.26315789473684,92.10526315789474,82.63157894736842,85.78947368421052,95.26315789473684
gpt-5-nano,95.26315789473684,100.0,92.63157894736842,80.0,77.89473684210526,100.0
meta-llama,92.10526315789474,92.63157894736842,100.0,76.84210526315789,80.0,94.21052631578948
H1,82.63157894736842,80.0,76.84210526315789,100.0,95.26315789473684,75.78947368421053
H2,85.78947368421052,77.89473684210526,80.0,95.26315789473684,100.0,77.89473684210526
LLM-Jury,95.26315789473684,100.0,94.21052631578948,75.78947368421053,77.89473684210526,100.0
