,gpt-4o-mini,gpt-5-nano,meta-llama,H1,H2,LLM-Jury
gpt-4o-mini,0.0,0.35087719298245607,0.4842105263157895,0.6859649122807017,0.6052631578947368,0.25730994152046777
gpt-5-nano,0.35087719298245607,0.0,0.4421052631578947,0.6894736842105263,0.6649122807017545,0.20818713450292395
meta-llama,0.4842105263157895,0.4421052631578947,0.0,0.7912280701754385,0.6614035087719299,0.30877192982456136
H1,0.6859649122807017,0.6894736842105263,0.7912280701754385,0.0,0.4631578947368421,0.707017543859649
H2,0.6052631578947368,0.6649122807017545,0.6614035087719299,0.4631578947368421,0.0,0.6356725146198831
LLM-Jury,0.25730994152046777,0.20818713450292395,0.30877192982456136,0.707017543859649,0.6356725146198831,0.0
