,anxiety_crisis,no_crisis,risk_taking_behaviours,self-harm,substance_abuse_or_withdrawal,suicidal_ideation,violent_thoughts,
anxiety_crisis,0.0,0.4170564921531975,0.020356108540607838,0.003863783070871627,0.037575115322279015,0.07041674044009824,0.004051863857374392,0.0
no_crisis,0.4170564921531975,0.0,0.48528884671108485,0.07443902384073241,0.040384291361544936,0.09273696841836987,0.14272259613455907,0.0
risk_taking_behaviours,0.020356108540607838,0.48528884671108485,0.0,0.09279440086429612,0.1303098540803459,0.2297263167562107,0.07984147000540442,0.0
self-harm,0.003863783070871627,0.07443902384073241,0.09279440086429612,0.0,0.027220630372492838,0.10025141861902354,0.024175824175824177,0.0
substance_abuse_or_withdrawal,0.037575115322279015,0.040384291361544936,0.1303098540803459,0.027220630372492838,0.0,0.008323637147166559,0.002197802197802198,0.0
suicidal_ideation,0.07041674044009824,0.09273696841836987,0.2297263167562107,0.10025141861902354,0.008323637147166559,0.0,0.07468756733462616,0.0
violent_thoughts,0.004051863857374392,0.14272259613455907,0.07984147000540442,0.024175824175824177,0.002197802197802198,0.07468756733462616,0.0,0.0
,0.0,0.0,0.0,0.0,0.0,0.0,0.0,0.0
