Model,Num examples,Mean Evaluations (mean),Mean Evaluations (±95%CI),Mean Std devs (mean),Mean Std devs (±95%CI),eval=1,[0-2.3],(2.3-3.6],(3.6-5]
gpt-4o-mini,6132,4.547646227440748,0.017301909369917226,0.04760591166884787,0.003762980680091054,0.4729288975864318,1.0926288323548596,6.881930854533594,92.02544031311155
gpt-5-nano,6132,4.936208958469233,0.008125836861642654,0.01851121535048814,0.0024607628187800035,0.2609262883235486,0.5055446836268753,0.19569471624266144,99.29876060013046
llama-4-Scout,6132,4.7221950424005215,0.015588205067701737,0.0413257571082327,0.003459299549501943,0.7990867579908676,1.7123287671232876,1.989562948467058,96.29810828440965
